{"PointsOfInterest": {"stockrington": [-32.86298683993768, 151.57468382487644], "springvale": [-33.41282142595568, 150.1145301911546], "toongabbie": [-33.78677444960307, 150.95176876020577], "wagga wagga": [-35.10265460013819, 147.3612748636144], "carwell": [-32.85009139502486, 149.9154630592874], "barnaby": [-34.423793238745645, 149.97699367009673], "mount david": [-33.823913411140424, 149.62660511380224], "glebe": [-33.87756687243126, 151.18634128065332]}}